Input File,Average Execution Time (s)
A.txt,5.154524014546321
D.txt,5.174891636921809
O.txt,5.14067477446336
