Input File,Average Execution Time (s)
A.txt,0.49164924254784215
D.txt,0.4907049765953651
O.txt,0.48357052069443923
