Input File,Average Execution Time (s)
A.txt,0.013695368399986854
D.txt,0.011310192254873423
O.txt,0.01215659655057467
