Input File,Average Execution Time (s)
A.txt,0.010079365510206956
D.txt,0.00707853757418119
O.txt,0.007078482554509089
