Input File,Average Execution Time (s)
A.txt,7.311594412877009
D.txt,7.275455163075374
O.txt,7.273794229214008
