Input File,Average Execution Time (s)
A.txt,0.03346903507526104
D.txt,0.03139173067533053
O.txt,0.03016057381263146
