Input File,Average Execution Time (s)
A.txt,11.464567422866821
D.txt,11.426975562022282
O.txt,11.487679829964272
