Input File,Average Execution Time (s)
A.txt,0.013692268958458534
D.txt,0.01361863429729755
O.txt,0.011647462844848633
