Input File,Average Execution Time (s)
A.txt,135.78005455090448
D.txt,135.83189760721646
O.txt,135.71850358522855
