Input File,Average Execution Time (s)
A.txt,0.01161800898038424
D.txt,0.008309566057645358
O.txt,0.00815569437467135
