Input File,Average Execution Time (s)
A.txt,0.08882937064537635
D.txt,0.08324949557964618
O.txt,0.08266779092641977
