Input File,Average Execution Time (s)
A.txt,2.125950208077064
D.txt,2.0984303951263428
O.txt,2.1695378376887393
