Input File,Average Execution Time (s)
A.txt,0.010771678044245793
D.txt,0.00854035524221567
O.txt,0.008232575196486253
