Input File,Average Execution Time (s)
A.txt,0.19508651586679313
D.txt,0.1924279286311223
O.txt,0.2016433752500094
