Input File,Average Execution Time (s)
A.txt,0.009001970291137695
D.txt,0.00653993166410006
O.txt,0.00653996834388146
