Input File,Average Execution Time (s)
A.txt,0.018222735478327826
D.txt,0.01636672019958496
O.txt,0.015849737020639274
