Input File,Average Execution Time (s)
A.txt,11.707980009225698
D.txt,11.596741694670458
O.txt,11.341396826964159
